,name,search_count,ID,Team,status,total_earn
0,Egor Zhabotinskii,52600,.Ark,,"Active
",6529.0
1,Jon Andersen,45100000,13abyKnight,,"Active
",101159.0
2,Sivatheeban Sivanathapillai,1020,1437,TNC Tiger,"Active
",193527.0
3,Zeng Chen,914000,290,PiPiXia,"Active
",2869.0
4,James Harding,6830000,2GD,,"Inactive
",
5,Chang Tu Hai,521000,2hoi,XCN Gaming,"Active
",1827.0
6,Neta Shapira,16700,33,OpTic Gaming,"Active
",136800.0
7,Adriano de Paula Machado,230000,4dr,SG e-sports,"Active
",67777.0
8,Yang Huaining,196000,5400,,"Active
",407.0
9,Stanislav Glushan,26300,633,ESPADA,"Active
",58995.0
10,Tang Wenyi,65300,71,Mineski,"Active
",
11,Sébastien Debs,21600,7ckngMad,OG,"Active
",76998.0
12,Zou Yitian,31600,820,Old Boys,"Retired
",62466.0
13,Chen Yuxuan,148000,86,Keen Gaming.Luminous,"Active
",2495.0
14,Liu Yufeng,119000,876,Brave Heart,"Active
",4420.0
15,Tang Zhirui,51300,897,Team MAX,"Active
",6814.0
16,Pavel Khvastunov,81600,9pasha,Virtus.pro,"Active
",1079009.0
17,Gao Tianpeng,30400,@dogf1ghts,iG Vitality,"Active
",174952.0
18,Chanon Chiwpreecha,72400,aabBAA,,"Active
",12090.0
19,Avelino Parungao,19500,Ab1ng,DeToNator,"Active
",2362.0
20,Abed Azel L. Yusop,6160,Abed,Fnatic,"Active
",180000.0
21,Christian Cruz,18800000,Accel,Infamous,"Active
",81486.0
22,Marcus Hoelgaard,103000,Ace,Team Secret,"Active
",347511.0
23,Adam Erwann Shah bin Akhtar Hussein,12500,Adam,compLexity Gaming,"Active
",359101.0
24,Henrik Ahnberg,21900,AdmiralBulldog,Alliance,"Retired
",627364.0
25,Igor Kalnysh,62600,Admiration,,"Inactive
",730.0
26,Chen Yingdong,132000,Adong,,"Active
",6215.0
27,Ahmad Syazwan bin Anuar,13100,ADTR,,"Active
",2284.0
28,Andrey Afonin,179000,Afoninje,,"Active
",26195.0
29,Mohammad Khalil Ibrahim Abu Al Eis,789000,AfrOmoush,,"Active
",16383.0
30,Vasily Shishkin,86100,AfterLife,,"Active
",51661.0
31,Sun Zheng,2060000,Agressif,Invictus Gaming,"Active
",862203.0
32,Tue Soon Chuan,39400,ah fu,LGD.Forever Young,"Active
",600909.0
33,Lai Jay Son,92300,Ahjit,Clutch Gamers,"Active
",63150.0
34,Yin Yuxiao,64200,Air,,"Inactive
",39649.0
35,Joakim Akterhall,17300,Akke,,"Active
",637918.0
36,Alexander Reinhardt,920000,Alex,,"Retired
",2030.0
37,Ilya Korobkin,123000,ALOHADANCE,,"Active
",150383.0
38,Andrey Bondarenko,304000,ALWAYSWANNAFLY,FlyToMoon,"Active
",204759.0
39,Wang Chunyu,108000,Ame,PSG.LGD,"Active
",661706.0
40,Michael German,45900000,amoment,,"Active
",269.0
41,Anathan Pham,25100,ana,OG,"Active
",607528.0
42,Annie LeClair,81500,AnneeDroid,,"Retired
",
43,Wang Wenjun,173000,Another,Taichi Gaming,"Active
",2050.0
44,Joel Larsson,350000,Apemother,,"Inactive
",12024.0
45,Turtoi Ionut,13600,Arise,,"Active
",19371.0
46,Ariunbolor Altantsetseg,1240,Ariunbolor,The Mongolz,"Active
",506.0
47,Armel Paul Tabios,5830,Armel,TNC Pro Team,"Active
",46906.0
48,Danilo Silva,1430000,Arms,,"Active
",73689.0
49,Danilo Silva,1430000,Nedbone,Stars,,
50,Sergey Revin,148000,ARS-ART,,"Retired
",83085.0
51,Arseniy Usov,20200,ArsZeeqq,Team Empire,"Active
",10867.0
52,Artour Babaev,51600,Arteezy,Evil Geniuses,"Active
",1287837.0
53,Artem Gorobey,51800,Artes,,"Active
",19819.0
54,Ivan Antonov,370000,Artstyle,Virtus.pro,"Active
",356581.0
55,Mohammed Almheiri,27100,Attacker,,"Active
",100.0
56,Juan Ochoa,1790000,Atun,Thunder Predator,"Active
",10973.0
57,Marcel Binz,46400,Atze,,"Inactive
",969.0
58,Kurtis Daniel Ling,23400,Aui_2000,Fnatic,"Active
",1973100.0
59,Joshua Lee,22900000,AutumnWindz,,"Active
",
60,Adit Rosenda,12500,Aville,EVOS Esports,"Active
",3340.0
61,Ye Jing,1340000,Awoke,,"Retired
",5000.0
62,Dmitry Morozov,291000,Ax.Mo,,"ActiveUCC Banned
",6587.0
63,Bi Xia,837000,Axx,Newbee Boss,"Active
",
64,Bogdan Boychuk,45000,Axypa,,"Retired
",50.0
65,Aaron Chambers,2600000,Ayesee,,"Inactive
",
66,Fan Tianyou,1120000,Ayo,Rock.Y,"ActiveMars Media Banned
",63673.0
67,Scott Jensen,6880000,B,,"Active
",8688.0
68,Aleksey Bafadarov,102000,BafiK,,"Active
",
69,Thárcio Medeiros,16400,Baga,,"Active
",11269.0
70,Andreas Løchte,152000,Balsam,,"Inactive
",1011.0
71,Wang Jiao,1000000,Banana,LGD.Forever Young,"Active
",1265530.0
72,Brian Canavan,201000,BananaSlamJamma,is GG,"Active
",4390.0
73,Yoon Deok Soo,68500,baNhwA,,"Inactive
",5884.0
74,Dmitry Lednikov,122000,Barash,,"Inactive
",1260.0
75,Lucas Raphael Ferreira Barbosa,51100,bardo,,"Active
",22149.0
76,Paul Tan Ke Da,561000,Barry,,,
77,Ivan Valev,137000,Bashruk,Singularity Esports,"Active
",916.0
78,Cameron Scott,30900000,Basskip,,"Active
",38.0
79,Zhang Hongsheng,83000,BBC,,"Active
",
80,Robert Tinnes,168000,Bdiz,,"Retired
",9014.0
81,Alder Beano,14000,Beesa,,"Active
",7926.0
82,Benjamin Cheong Yi Lim,28300,Ben,,"Active
",8019.0
83,Benhur Lawis,78500,Benhur,,"Active
",14119.0
84,Benjamín Lanao Barrios,12300,Benjaz,Gorillaz-Pride,"Active
",49408.0
85,Danil Shehovtsov,33300,Bignum,Gambit Esports,"Active
",14831.0
86,Ryan Jay Qui,326000,Bimbo,TaskUs Titans,"Active
",67804.0
87,Zeng Cong,138000,BinGo,,"Active
",19106.0
88,Hà Quốc Đạt,934000,Biryu,Kingdra,"Active
",1100.0
89,Malthe Winther,1700000,Biver,Team Spirit,"Active
",33143.0
90,Dominik Reitmeier,28300,Black^,Entity Gaming,"Active
",238218.0
91,David Dillon,8540000,Blaze,,"Active
",
92,Jamal Sohail,56000,Blazemon,,"Active
",2034.0
93,Zhou Yang,2110000,bLink,Sun Gaming,"Active
",1959371.0
94,Zhou Yang,2110000,KingJ,,"Inactive
",72138.0
95,William Lee,44200000,Blitz,,"Active
",29320.0
96,Evgeniy Ree,4170000,Blizzy,Vega Squadron,"Active
",14463.0
97,Daniel Foster,23600000,Bloody Nine,,"Active
",1800.0
98,Vladislav Morozyuk,35300,blowyourbrain,,"Active
",12594.0
99,Ye Zhibiao,265000,BoBoKa,Invictus Gaming,"Active
",428244.0
100,Jun Kanehara,1320000,Bok,,"Active
",12514.0
101,Pittner Armand,14200,bOne7,,"Active
",324446.0
102,Marvin Rushton,90000,Boombacs,Clutch Gamers,"Active
",9085.0
103,Anurat Praianun,82,boombell,,"Active
",4160.0
104,Bill Oliver,28100000,Boris,,"Active
",1900.0
105,Samuel Svahn,57400,Boxi,Alliance,"Active
",
106,Braxton Paulson,23900,Brax,,"Active
",29324.0
107,Nick Caras,615000,BreakyCPK,,"Active
",
108,Bruno Carlucci,133000,Bruno,,"Inactive
",
109,Jonathan Bryle Santos De Guia,91400,bryle,,"Active
",6500.0
110,Muhammad Damar,76700,bubu,,"Active
",1381.0
111,Aleksandar Bukurecki,15400,bukka,,"Active
",
112,Kanishka Sosale,5300,BuLba,Evil Geniuses,"Active
",197798.0
113,Thithat Tachawattanakul,54,BungsellRotee,Alpha Red,"Active
",4393.0
114,Xu Zhilei,65600,BurNIng,Big God,"Active
",869433.0
115,Joni Fält,16000,Buugi,,"Active
",19344.0
116,Mark Adrian Gavin,643000,BYB,Execration,"ActiveValve Banned
",9912.0
117,Emilano Ito Gerotto Yamakawa,8620,c4t,,"Active
",44970.0
118,Clay Winkler,339000,Cak3z,,"Inactive
",1908.0
119,Mihai Antonio,493000,canceL^^,Kingdra,"Active
",18300.0
120,Austin Walsh,5280000,Capitalist,,"Active
",40.0
121,Souaib Hanaf,538,Carn,,"Inactive
",1352.0
122,Peng Chao,476000,carrot,We Are Young,"Active
",1294.0
123,James Palatolon John,74600,CartMaN,TaskUs Titans,"Active
",34867.0
124,Roman Lepokhin,159000,CaspeRRR,,"Active
",
125,Mark Pilar,2070000,Cast,TaskUs Titans,"Active
",58879.0
126,Quinn Callahan,406000,CC&C,OpTic Gaming,"Active
",116365.0
127,Semion Krivulya,19500,CemaTheSlayer,Vega Squadron,"Active
",98666.0
128,Wei Sheng Tan,240000,Chains,,"Active
",5896.0
129,Yang Shenyi,196000,Chalice,PSG.LGD,"Active
",230605.0
130,Zhang Chaowen,55100,Chao,,"Inactive
",
131,Cao An,70500,ChaoYue,Team Waooo,"Active
",15036.0
132,Vladimir Kuzmenko,129000,Chappie,,"Active
",21685.0
133,Rasmus Blomdin,19900,Chessie,,"Active
",107105.0
134,Joel Chan Jian Yong,34700,Chibix,,"Active
",4275.0
135,Li Chen,5350000,chisbug,Big God,"Active
",47858.0
136,Christopher Wåhlin,80700,Chrillee,,"Inactive
",3987.0
137,Eugene Kastrama,35200,chshrct,Double Dimension,"Active
",27305.0
138,Wong Hock Chuan,19300,ChuaN,Echo International,"Active
",713484.0
139,Evgeniy Makarov,188000,Chuvash,Team Empire,"Active
",3713.0
140,Aaron Kim,13000000,Clairvoyance,VGJ.Storm,"Active
",2800.0
141,Alexandru Craciunescu,28600,ComeWithMe,London eSports,"Active
",20859.0
142,Conrad Janzen,31800,Conrad,,"Inactive
",
143,Ai Xin,2500000,Cookie bear,,"Active
",1000.0
144,Zaur Shakhmurzaev,12900,Cooman,Double Dimension,"Active
",7100.0
145,Corey Wright,3010000,Corey,,"Inactive
",29320.0
146,Guilherme Silva Costábile,17800,Costabile,SG e-sports,"Active
",25711.0
147,Andreas Franck Nielsen,25800,Cr1t-,Evil Geniuses,"Active
",1036163.0
148,Petr Meluzin,34100,craNich,,"Active
",
149,Oleg Kolesnichenko,87100,Crazy,,"Active
",15429.0
150,Choi Jong-Bin,69000,Crio_J,,"Active
",1055.0
151,David Landmesser,467000,Crydasia,,"Retired
",843.0
152,Vladislav Krystanek,35000,Crystallize,Natus Vincere,"Active
",54321.0
153,Chen Tianyu,181000,Cty,EHOME,"Active
",375486.0
154,Long Zhan,2620000,Cy,Brave Heart,"Active
",629.0
155,Matthew Bailey,7620000,Cyborgmatt,Team Secret,"Active
",
156,Jung Dong-suk,72500,CyNiCaL,,"Inactive
",6199.0
157,Kaue Camuci,8680,Cys,,"Active
",4363.0
158,Julius Åberg,34300,cYso,,"Inactive
",400.0
159,Jun Liong Loh,14400,dabeliuteef,,"Inactive
",5944.0
160,Josef Bernhardsson,19500,DancingDragon,,"Active
",180.0
161,Song Runxi,1270000,dark,Keen Gaming,"Active
",34769.0
162,Xie Bin,574000,DD,Old Boys,"Inactive
",202660.0
163,Leong Fat-meng,19600,ddc,LGD.Forever Young,"Active
",1298189.0
164,Ruan Zhenghao,13500,DDR,Rock Gaming,"Active
",5474.0
165,Alan Salvati,153000,DDX-,,"Retired
",1625.0
166,Kok Yi Liong,246000,ddz,Team HighGround,"ActiveValve Banned
",12317.0
167,Jimmy Ho,9840000,DeMoN,,"Retired
",198173.0
168,Danil Ishutin,41000,Dendi,Natus Vincere,"Active
",784820.0
169,Huang Hao,1150000,destiny,Wings.Red,"Active
",306.0
170,Dmitry Minenkov,117000,Ditya Ra,,"Active
",112449.0
171,Djardel Jicko B. Mampusti,3640,DJ,Fnatic,"Active
",568326.0
172,Alexander Kucheria,155000,DkPhobos,Team Spirit,"Active
",379539.0
173,Dino Šavuk,70800,dnz,Elements Pro,"Active
",8104.0
174,Son Kyung-il,1480000,Doctor,MVP HOT6ix,"Active
",3171.0
175,Wang Zhenzhou,384000,Dog_7,TE-LIFE,"Active
",782.0
176,Lin Zikai,127000,doodle,Echo Gaming,"Active
",3596.0
177,Andy Stiles,580000,Draskyl,,"Active
",
178,Kim Larsson,1120000,Drayich,,"Retired
",30.0
179,Andrey Golubev,255000,Dread,,"Active
",34068.0
180,Randy Muhammad Sapoetra,12600,Dreamocel,BOOM ID,"Active
",8242.0
181,Xue Zhuorui,13000,DreamyU,,"Inactive
",1393.0
182,Dmitry Chumachenko,129000,Droog,,"Active
",
183,Kim Doo-young,256000,DuBu,Immortals,"Active
",456322.0
184,Erik Kamerling,171000,DurpDurp,Wheel Whreck,"Active
",4838.0
185,Heitor Pereira,301000,Duster,paiN Gaming,"Active
",105962.0
186,Hugo Bos,6920000,Dutch_Freak,,"Inactive
",59.0
187,Ding Zhenghao,41200,DXM,Aurora Esports club,"Active
",1062.0
188,Ding Cong,334000,Dy,Taichi Gaming,"Active
",3321.0
189,Shane Milke,45500,Eagle,,"Inactive
",2100.0
190,Sergey Slobodyanyk,124000,Ecnart,,"Active
",6353.0
191,Jerry Lundkvist,97300,EGM,,"Active
",667204.0
192,Rafał Wójcik,66600,eL lisasH,Team Kinguin,"Active
",24114.0
193,Ren Yangwei,69500,eLeVeN,Vici Gaming,"Active
",840169.0
194,Yang Pu,1730000,END,Sun Gaming,"Active
",399100.0
195,Steven Cheng,2290000,Eosin,,"Retired
",29720.0
196,Adrian Kryeziu,74100,Era,The Final Tribe,"Active
",135666.0
197,Tobias Everhorn,26800,eresloco,,"Inactive
",2949.0
198,Eri Neeman,29000,Eri Neeman,,"Active
",
199,Eskil Wilhelm Erik Sundblad,12300,Eskillz,,"Active
",4039.0
200,Alexander Lindström,303000,Etakaka,,"Active
",258.0
201,Jacky Mao,120000,EternaLEnVy,Fnatic,"Active
",909169.0
202,Earlwin Libre,136000,Ewe,,"Active
",1770.0
203,Steve Ye,3080000,Excalibur,,"Active
",32243.0
204,Natan Michalewicz,12900,Exotic_Deer,Team Kinguin,"Active
",24114.0
205,Nico Barcelon,1510000,eyyou,TNC Pro Team,"Active
",116556.0
206,Choi Jongseob,38700,f(x),,"Inactive
",3323.0
207,Pan Yi,3310000,Fade,VGJ.Thunder,,
208,Zeng Hongda,15300,Faith,Newbee,"Active
",1690059.0
209,Zhang Ruida,59300,Faith_bian,EHOME,"Active
",1967009.0
210,Fan Yixuan,1120000,FaN,,"Active
",11970.0
211,Adrian Trinks,73900,Fata,Team Secret,"Active
",848523.0
212,Clinton Loomis,215000,Fear,,"Active
",2488048.0
213,Oleg Skarzhinsky,68100,Feaver,,"Active
",
214,Kim Yong-min,303000,Febby,Immortals,"Active
",566029.0
215,Feras Hroob,12500,Feero,WarriorsGaming.Unity,"Active
",5630.0
216,Lu Chao,1270000,Fenrir,Vici Gaming,"Active
",1282005.0
217,Luo Feichi,66600,Ferrari_430,Big God,"Active
",553224.0
218,Evgeniy Aksyonov,97000,Fervian,,"Active
",1826.0
219,Filip Musialski,60300,Fey,,"Active
",1330.0
220,Olle Sjöland Thulin,5220,Fishbone,,"Inactive
",540.0
221,Adam Grönberg,185000,Five,,"Active
",411.0
222,Dennis Brofalk,58400,Flens,Evil Corporation,"Active
",200.0
223,Alexander Sazonov,177000,Flow,Double Dimension,"Inactive
",1400.0
224,Brian Lee,43900000,FLUFFNSTUFF,,"Active
",38179.0
225,Tal Aizik,187000,Fly,Evil Geniuses,"Active
",1430589.0
226,Yao Linhui,33100,Fly.,,"Inactive
",300.0
227,Su Lei,6080000,Flyby,iG Vitality,"Active
",18095.0
228,Michael Stanus-Ghib,384000,FlyingZebra,,"Inactive
",2640.0
229,Kenneth Coloma,68100,Flysolo,Clutch Gamers,"Active
",7803.0
230,Rostislav Lozovoi,18000,fn,Team Empire,"Active
",205495.0
231,Artsiom Barshack,8510,fng,Team Spirit,"Active
",413931.0
232,Ioannis Loucas,21200,Fogged,,"Active
",19779.0
233,Lai Xingyu,63200,Fonte,Team MAX,"Inactive
",8614.0
234,Lee Sang-don,388000,Forev,Echo International,"Active
",503261.0
235,Jeffrey Fortunato,87000,Foxx,,"Inactive
",1410.0
236,Francis Lee,38400000,FrancisLee,Wheel Whreck,"Active
",10250.0
237,Liu Chang,2270000,Freeze,VGJ.Thunder,"Active
",173295.0
238,Jesper Göthe,26400,Frigoleet,,"Retired
",2813.0
239,Wilson Teng,175000,Fronz,,"Active
",1005.0
240,Pontus Frost,150000,Frost,The Final Tribe,"Active
",7860.0
241,Ryan Davis,42600000,fROZEN,,"Inactive
",100.0
242,Gleb Lipatnikov,26100,Funn1k,,"Active
",403426.0
243,Thibault Calonne,13600,Funzii,,"Inactive
",9033.0
244,Feng Zhichao,45000,Fusheng,Aurora Esports club,"Active
",351.0
245,Xu Linsen,57700,fy,PSG.LGD,"Active
",1282383.0
246,Wu Junying,105000,Fyms,Keen Gaming,"Active
",
247,Cheng Hor Siew,13000,FzFz,818 Esports,"Active
",1290.0
248,Sergey Alexandrovich Bragin,14400,G,Team Spirit,"Active
",405756.0
249,Gordan Prosic,6140,g0g1,,"Active
",6316.0
250,Kim Villafuerte,230000,Gabbi,Clutch Gamers,"Active
",31463.0
251,Fabio Fernandes Soares Sarellas,12300,Gambling,,"Active
",3176.0
252,Liu Xinzhou,64000,Garder,,"Active
",704740.0
253,Gareth Bateson,32000,Gareth,,"Active
",
254,Ylli Ramadani,17100,garter,,"Active
",8671.0
255,Vladislav Kozak,69500,Gedrox,,"Active
",1941.0
256,Victor Nigrini,169000,GeneRaL,Natus Vincere,"Active
",165564.0
257,Matthias Deutschmann,114000,german player,,"Active
",1219.0
258,Vlad Malikov,89600,GGwpLanaya,SFTe-sports,"Active
",546.0
259,Maroun Merhej,8080,GH,Team Liquid,"Active
",2584890.0
260,Zheng Jie,1360000,ghost,Eclipse,,
261,Andrey Kadyk,160000,Ghostik,Team Empire,"Active
",185060.0
262,Gabriele Giganti,37900,GiGA,,"Inactive
",676.0
263,Li Chunbo,432000,Gintoki,Rock.Y,"ActiveMars Media Banned
",41115.0
264,Jose Ramolete,261000,Gio,,"Active
",2300.0
265,Ceejay Pelagio,10500,gnoji,,"Inactive
",5428.0
266,Tobi Strand,81900,GoAudio,,"Inactive
",710.0
267,Artur Kostenko,74500,Goblak,,"Active
",66943.0
268,Dulat Seidimomyn,2260,goddam,NiceOne,"Active
",29818.0
269,Darcy Milho Jose,13200,Godot,XCN Gaming,"Active
",10123.0
270,David Parker,43600000,GoDz,,"Active
",
271,Wu Jinhan,97700,goking,Taichi Gaming,"Active
",3321.0
272,Ivan Kartankov,134000,Gorec,,"Inactive
",24183.0
273,Janne Stefanovski,12700,Gorgc,,"Active
",1953.0
274,Grant Harris,43800000,GranDGranT,Evil Geniuses,"Active
",
275,Alexis Ventura,1100000,Greedy,Gorillaz-Pride,"Active
",13448.0
276,Eric Guan,360000,guanzo,,"Inactive
",2400.0
277,William Aguilera,1150000,Gudii,,"Inactive
",1646.0
278,Hu Sen,2140000,Guvara,EHOME,"Active
",6106.0
279,Kai Hanbückers,102000,H4nn1,,"Active
",61219.0
280,Simon Haag,913000,Handsken,The Final Tribe,"Active
",184851.0
281,Tony Talavera,291000,HANNAH_MONTANA,,"Retired
",2875.0
282,Chen Zhihao,149000,Hao,,"Inactive
",1747535.0
283,Lee Seung Gon,56500,Heen,Team Liquid,"Active
",81656.0
284,Hiromu Hosoya,12700,Heromu,DeToNator,"Inactive
",
285,Mikki Mørch Junget,1640,HesteJoe-Rotten,Entity Gaming,"Active
",103966.0
286,Dominik Buhmann,28400,hex0r,,"Retired
",94.0
287,William Medeiros de Anastácio,16000,hFn,paiN Gaming,"Active
",142198.0
288,Mohammad Al-Sheikh,48600,Hook-,,"Active
",7390.0
289,Baek Ji Hoon,175000,HooNji,MVP HOT6ix,"Active
",3322.0
290,Ken Chen,2750000,Hot_Bid,,"Active
",
291,Hugo Fouques,52300,Hugo,,"Active
",652.0
292,Zheng Shuo,129000,Hy,Aurora Esports club,"Active
",6156.0
293,Per Schmidt,7510000,Hyac,,"Inactive
",140.0
294,Benedict Lim Han Yong,46500,hyhy,White Fries Gaming,"Active
",39050.0
295,Xu Zhi,849000,Hym,EHOME,"Inactive
",27085.0
296,Iwo Bejar,17800,i w o,Thunder Predator,,
297,Danny Cote,1500000,iAnnihilate,,"Active
",7835.0
298,Chua Chee Cai,17400,Ice,,,
299,Bogdan Vasylenko,48400,Iceberg,FlyToMoon,"Active
",63230.0
300,Li Peng,2250000,iceice,Sun Gaming,"Active
",1998632.0
301,Daryl Koh Pei Xiang,8970,iceiceice,Mineski,"Active
",1292134.0
302,Wang Peng,1810000,Icy,Newbee Young,"Active
",41303.0
303,Jesús Valencia,4220000,Ifrit,,"Active
",6853.0
304,Ilya Pivcaev,100000,Illidan,Team Spirit,"Active
",366205.0
305,Bruce Ervandi,63600,ilLogic,EVOS Esports,"Active
",3552.0
306,Razvan Borceanu,12100,iLLusionisT,,"Active
",2519.0
307,Igor Filatov,97800,iLTW,ESPADA,"Active
",188238.0
308,Donal Cheung,22400,ima_sheep(sux),,"Inactive
",2608.0
309,He Yongzheng,1750000,Inflame,LGD.Forever Young,"Active
",596715.0
310,Yang Xiaodong,357000,InJuly,iG Vitality,"Inactive
",217915.0
311,Sergey Kaluzhniy,132000,Inkvizitor,,"Inactive
",543.0
312,Dmitry Filinov,118000,Inmate,,"Retired
",600.0
313,Aydin Sarkohi,17900,iNSaNiA,Alliance,"Active
",2593.0
314,Marie Gunina,81500,Inverno,,"Active
",
315,Muhammad Rizky,167000,inYourdreaM,TNC Tiger,"Active
",10049.0
316,Michael Ghannam,417000,ixmike88,,"Active
",29953.0
317,Alexei Lipai,94900,j4,,"Active
",45097.0
318,Mathis Friesel,13600,Jabbz,Kingdra,"Active
",3974.0
319,Anucha Jirawong,3110,Jabz,Mineski,"Active
",221449.0
320,Maksim Doroshenok,137000,Jackal,,"Inactive
",5772.0
321,Jacko Soriano,27100,Jacko,,"InactiveValve Banned
",714.0
322,Matthew Penaroza,82000,jaH,,"Inactive
",400.0
323,Zhou Yifu,52800,James,For The Dream,"Active
",15756.0
324,Jason Teodosio,130000,Jason,,"Active
",6340.0
325,Jiang Donghao,27900,jdh,Eclipse,"Active
",11873.0
326,Andrew Jenkins,5390000,Jenkins,,"Active
",2800.0
327,Jared Perkin,44200,Jeppins,,"Inactive
",724.0
328,Jesse Vainikka,52400,JerAx,OG,"Active
",1056710.0
329,Diego Rivera,16100000,Jericho,Luccini,"Active
",4200.0
330,Jerry Isidro,162000,Jerry,Thunder Awaken,"Active
",428.0
331,Jessie Cristy Cuyco,2990,JessieVash,HappyFeet,"Active
",24791.0
332,Park Yoon-Soo,1120000,JesusSt1ck,,"Inactive
",3260.0
333,Jio Madayag,160000,Jeyo,,"Active
",76336.0
334,Jhoven Pancho,16200,Jhoven,,"Inactive
",2280.0
335,Tan Lijia,215000,JiaJia,Newbee Young,"Active
",18961.0
336,Marcus Dastrup,101000,jigglebilly,,"Inactive
",300.0
337,Xiao Zihao,42600,Jixing,Rock.Y,"ActiveMars Media Banned
",55043.0
338,Lee Siong Tait,111000,JoHnNy,EHOME.Immortal,"Active
",35962.0
339,Jonas Lindholm,117000,jonassomfan,The Final Tribe,"Active
",107780.0
340,Sullivan Carlotti,29300,Joraal,,"Active
",1055.0
341,Egor Surkov,62400,JotM,,"Active
",32396.0
342,Andrew Evelynn,136000,Jubei,Immortals,"Active
",11615.0
343,Julius De Leon,1340000,Julz,DeToNator,"Active
",38372.0
344,Lin Shiyang,130000,June,Eclipse,"Active
",81780.0
345,He Zhipeng,1740000,JUST,Newbee.M,"Active
",3100.0
346,Justin Rosselle,150000,justin,,"Active
",100.0
347,Patrick Pascua,207000,JyC,,"InactiveValve Banned
",240.0
348,Kang Taeyeong,43100,JyU,,"Inactive
",27067.0
349,Zhao Kai,1020000,Kabu,Newbee Young,"Active
",44856.0
350,Kaci Aitchison,20900,Kaci Aitchison,,"Active
",
351,Jakub Kocjan,21100,kacor,Team Kinguin,"Active
",21182.0
352,Andrey Shulgin,164000,KaHT,HunkysFromZavod,"Active
",1751.0
353,Teo Kai Sheng,18700,Kai,,"Active
",3320.0
354,Tan Yunxi,208000,kaidou,,"Active
",6015.0
355,Hu Liangzhi,115000,Kaka,Newbee,"Active
",1475075.0
356,Chua Soon Khong,24400,KaNG,,"Active
",42182.0
357,Jack Chen,3890000,KBBQ,VGJ.Storm,"Active
",
358,Rene Warner,1370000,Kebap,,"Inactive
",8631.0
359,Fadil bin Mohd Raziff,8360,Kecik Imba,,"Active
",34854.0
360,Linus Bleckert,36600,Kefka,,"Active
",8783.0
361,Grigorie Andrei,183000,KeyaNo,,"Inactive
",5400.0
362,Grigoris Kallianiotis,1880,Keyser,Five Dogs,"Active
",34174.0
363,Maurice Gutmann,32500,KheZu,Five Dogs,"Active
",164799.0
364,Kiril Minkov,13900,Kikoni,,"Active
",312.0
365,Kimuel Borromeo Rodis,1810,Kim0,Execration,"Active
",58482.0
366,Rinat Abdullin,22800,KingR,Double Dimension,"Active
",50644.0
367,Danylo Nascimento,28100,Kingrd,paiN Gaming,"Active
",143027.0
368,Abraham Canez,34300,Kingteka,CDM eSports,"Active
",52008.0
369,Muriëlle Huisman,13500,Kipspul,Vega Squadron,"Active
",
370,Emre Canlı,523000,Klasynky,Team Entelechy,"Active
",799.0
371,Paulo Nóbrega,640000,Klotz22,,"Active
",758.0
372,Farand Kowara,1650,Koala,Rex Regum Qeon,,
373,Konstantin Jančetović,44400,kole,,"Active
",984.0
374,Steven Ashworth,1200000,Korok,,"Inactive
",23138.0
375,Alonso León,2800000,Kotarō Hayama,Infamous,"Active
",59778.0
376,Dakota Cox,6220000,KotLGuy,,"Active
",
377,Damien Sau-jing Chok,5090,kpii,Newbee,"Active
",1488337.0
378,Bryan Herren,484000,Kpoptosis,,"Inactive
",
379,Sergey Kuzin,173000,KSi,,"Inactive
",7029.0
380,Carlo Palad,62600,Kuku,TNC Pro Team,"Active
",472105.0
381,Kuro Salehi Takhasomi,8330,KuroKy,Team Liquid,"Active
",3629264.0
382,Khanh Huynh,253000,KvH,is GG,"Active
",3714.0
383,Kyle Freedman,158000,Kyle,,"Active
",160417.0
384,Kyrie Eleison Ygdrasil Depra Singson,50,KyrieDepra,,"Inactive
",
385,Nitiphat Chutonganan,22,KyT,Hashtag Dota,"Active
",419.0
386,Lee Kong Yang,1800000,kYxY,TNC Tiger,"Active
",120578.0
387,Serafim Savelyev,19800,L0lik_O,Digital Company,"Active
",1501.0
388,Dominik Stipić,27700,Lacoste,,"Retired
",7765.0
389,Pipat Prariyachat,1170,LaKelz,Alpha Red,"Active
",12090.0
390,João Pedro Lanaro,21300,Lanaro,Ode,"Active
",8067.0
391,Fua Hsien Wan,12200,Lance,Team HighGround,,
392,Zhang Zhicheng,322000,LaNm,Vici Gaming,"Active
",1073467.0
393,Eetu Seppälä,16400,Lapiz,,"Inactive
",2038.0
394,David Gorman,3680000,LD,,"Active
",
395,Zhang Xuanhao,53100,le,,"Active
",39162.0
396,Nikola Popović,103000,LeBronDota,Elements Pro,"Active
",18407.0
397,Leonardo Sifuentes,323000,LeoStyle-,CDM eSports,"Active
",8628.0
398,Timo Waszek,21300,Ler_GG,,"Inactive
",
399,Peng Li,2260000,Li,,"Active
",13057.0
400,Wang Yutian,86600,Liekkas,EHOME.Immortal,"Active
",21529.0
401,Dmitry Kupriyanov,151000,LighTofHeaveN,,"Retired
",269862.0
402,Ilya Ilyuk,101000,Lil,Natus Vincere,"Active
",906474.0
403,Marcio Rodrigues,812000,Lil_kin6,INTZ eSports,"Active
",2440.0
404,Linus Blomdin,37200,Limmp,compLexity Gaming,"Active
",195878.0
405,Xu Ziyang,75900,Lin,Rock.Y,"ActiveMars Media Banned
",179920.0
406,Cheong Sim Woi,16800,ling,New Beginning,"Active
",8219.0
407,Sylvester Hoelgaard,18900,Link,,"Inactive
",2937.0
408,Rodrigo Lelis Santos,29100,Liposa,SG e-sports,"Active
",25332.0
409,Admir Salkanović,8900,lizZard,,"Active
",1833.0
410,Jonathan Berg,1850000,Loda,Alliance,"Active
",692756.0
411,Chen Long,17700000,longb,Team Waooo,"Active
",1997.0
412,Huang Xiang,871000,LongDD,Old Boys,,
413,Chase Stearns,778000,Loomdun,The Final Tribe,,
414,Phuc Nguyen,1450000,lordboonz,Natural 9,,
415,Luo Puchao,66500,Lpc,,,
416,Luo Tao,681000,lt,Rock Gaming,,
417,Chan Jun Jie,168000,Lubby,,,
418,Merlin Seibel,109000,Luft,,,
419,Yin Jiajun,73900,LuLu^^,,,
420,David Zhang,4060000,Luminous,,,
421,Zhou Xinyi,79800,Lwy,,,
422,Gabriel Cruz,6320000,Lyrical,,,
423,Alex Richardson,6260000,Machine,,,
424,Omar Dabachach,45700,Madara,Five Dogs,,
425,Igor Modenov,62600,Maden,,,
426,Jacob Toft-Andersen,62400,Maelk,,,
427,Kim Byung Hoon,214000,MafiA,,,
428,Andrey Chipenko,160000,Mag,,,
429,Anas Hirzallah,15300,MagE-,,,
430,Andreas Ramljak,151000,MaGoma,,,
431,,31100,maiki,DeToNator,,
432,,31100,Reaves,,,
433,,31100,slahser,,,
434,Pavel Beneš,141000,Mambos,,,
435,Leonardo Viana,654000,Mandy,Midas Club,,
436,Toufic Yaktine,1020,Mango_Banana,,,
437,Brian Strandby,88800,MaNia,,,
438,Yernar Urazbayev,1960,Mantis,NiceOne,,
439,Yang Shihao,203000,maomao,Keen Gaming.Luminous,,
440,Park Tae-won,1140000,March,Echo International,,
441,Charlie Lelievre,82200,marSu,,,
442,Cosmin Nechifor,16800,Masakary,,,
443,Álex Dávila,783000,Masoku,Gorillaz-Pride,,
444,Mason Venne,62500,mason,,,
445,Enkhbayar Batsukh,7450,Masquerade,The Mongolz,,
446,Leonard Urich,47700,Massacre,Saint's Squad Gaming,,
447,Ivaylo Petkov,19100,Mastermind,Team Singularity,,
448,Sebastian Sundström,95900,Matrim,,,
449,Farith Puente,268000,Matthew,Infamous,,
450,Lasse Aukusti Urpalainen,5090,MATUMBAMAN,Team Liquid,,
451,Travis Bueno,218000,Maut,,,
452,Verros Apostolos,12700,Maybe Next Time,,,
453,Alperen Arslan,40200,mdL,,,
454,Zhang Hangqi,52800,MelodyLovers,,,
455,Galvin Kang Jian Wen,12500,Meracle,iG Vitality,,
456,Ben Wu,3570000,Merlini,,,
457,Daniil Gilev,34400,MeTTpuM,,,
458,Guo Yuhang,35800,Mevius,Keen Gaming,,
459,Michael Vu,5110000,miCKe,Alliance,,
460,Yeik Nai Zheng,11400,MidOne,Team Secret,,
461,Mikkel Berg,81400,miGGel,,,
462,Leonardo Astete,322000,MiHawk,,,
463,Tong Junjie,54200,Mikasa,Vici Gaming,,
464,Max Barkö,1500000,Mikey,Team Singularity,,
465,Milan Kozomara,115000,MiLAN,,,
466,Ivan Borislavov Ivanov,15600,MinD_ContRoL,Team Liquid,,
467,Rene Michael Halim,16600,Minerva,Drago Esports,,
468,Hampus Olsson,51600,Mini,,,
469,Yaroslav Naidenov,33400,Miposhka,Team Empire,,
470,Amer Al-Barkawi,29900,Miracle-,Team Liquid,,
471,Jesper Nyhlén,14700,Mirakel,,,
472,Rasmus Berth Filipsen,4010,MISERY,Five Dogs,,
473,Mikhail Agatov,66200,Misha,ESPADA,,
474,Damir Škaričić,17000,Mitch,Elements Pro,,
475,Michael Nguyen,4480000,MJW,,,
476,Lei Zengrong,65500,MMY!,PSG.LGD,,
477,Rong Yao,388000,Mofi,,,
478,Du Peng,1830000,Monet,LGD.Forever Young,,
479,Jaron Clinton,63400,monkeys-forever,,,
480,Charlie Yang,1920000,Monolith,,,
481,David William Hull,4200000,Moo,compLexity Gaming,,
482,Xu Han,1960000,Moogy,Newbee,,
483,Zeng Yulei,69400,mool,,,
484,Kam Boon Seng,14700,Moon,Mineski,,
485,Vladislav Mihteev,34800,Moonlight,,,
486,David Tan,30200000,MoonMeander,compLexity Gaming,,
487,Goh Choo Jian,13200,MoZuN-,Team HighGround,,
488,Pyo No-a,44700,MP,Immortals,,
489,Meng Rui,1430000,Mrrr,Sun Gaming,,
490,Yang Yongjie,207000,MS,Keen Gaming.Luminous,,
491,Arif Anwar,143000,MSS,VGJ.Storm,,
492,Ricardo Román Sandoval,61100,mstco,,,
493,Kelvin Chong,231000,MtR,Team HighGround,,
494,Vladyslav Suzdal,38300,Mtrx4u,,,
495,Zhang Pan,1770000,Mu,,,
496,Chai Yee Fung,41000,Mushi,Mineski,,
497,Johan Andersson,1300000,Mynuts,,,
498,Kittikorn Inngoen,737,MyPro,Alpha Red,,
499,Johan Sundstein,38800,N0tail,OG,,
500,Azam Aljabar Nafari,762,Nafari,,,
501,Alan Bester,388000,Nahaz,,,
502,Aybek Tokaev,5230,Naive-,Team Empire,,
503,Fernando Mendoza,2580000,Nando,Execration,,
504,Lu Guangkun,106000,NeaR,PiPiXia,,
505,Sampsa Kutvonen,2570,nemphy,,,
506,Selim Oynar,17900,NEQROMAN,,,
507,Wai Pern Lim,12500,Net,,,
508,Jason Newsham,136000,Newsham,Wheel Whreck,,
509,Igor Lisakovsky,62500,Nexus,,,
510,Nikolay Nikolov,116000,Nikobaby,,,
511,Leon Kirilin,132000,Nine,,,
512,Michael Ross Jr.,14800000,ninjaboogie,Mineski,,
513,Niclas Westergård,12100,Niqua,,,
514,Michał Jankowski,78800,Nisha,Team Kinguin,,
515,Alexander Levin,1730000,Nix,ESPADA,,
516,Law Chee Hoong,12700,Nj,New Beginning,,
517,Moin Ejaz,22100,NO_Chanc3,Signify,,
518,Lan Gaochong,371000,noble,,,
519,Alexander Churochkin,155000,Nofear,FlyToMoon,,
520,Danny Mørch Junget,1580,Noia,Entity Gaming,,
521,Attawat Teephom,40,Nokky,,,
522,Alexey Vasilev,145000,nongrata,FlyToMoon,,
523,Wang Xin,1920000,Nono,,,
524,Vladimir Minenko,120000,Noone,Virtus.pro,,
525,Ben Steenhuisen,389000,Noxville,,,
526,Yaroslav Kuznetsov,98400,NS,,,
527,Wong Jeng Yih,16600,NutZ,,,
528,Owen Davies,2090000,ODPixel,,,
529,Daniel Gorol,206000,Offak,,,
530,Khoo Chong Xin,18900,Ohaiyo,,,
531,Wang Zhiyong,183000,old chicken,EHOME,,
532,Oliver Lepko,79700,oliver,,,
533,Zhongliang Deng,18000,OmegaPwner,,,
534,Ou Peng,1300000,Op,Invictus Gaming,,
535,Zeng Jiaoyang,13500,Ori,Vici Gaming,,
536,Luo Fuyu,67500,Origami,Newbee.M,,
537,Joshua Dela Serna,46900,Owa,DeToNator,,
538,Arthur Zarzur Curiati,1140,PAADA,paiN Gaming,,
539,Axel Källman,31800,Pablo,The Final Tribe,,
540,Per Anders Olsson Lille,13100,Pajkatt,OpTic Gaming,,
541,Nikita Grinkevich,85900,Palantimos,Vega Squadron,,
542,Jared Fletcher,737000,Pandaego,,,
543,Zhang Chengjun,65600,Paparazi灬,Vici Gaming,,
544,Mariano Caneda,43300,Papita,Infamous,,
545,Titouan Merloz,1320,PARIS,,,
546,Pascal Lohmeier,41100,paS,,,
547,Paweł Naruszewicz,19400,Patos,Team Kinguin,,
548,Zheng Yukai,25100,PatSoul,White Fries Gaming,,
549,Vladimir Anosov,127000,PGG,,,
550,Peng Renjie,31600,Piao,,,
551,Johan Åström,105000,pieliedie,Fnatic,,
552,Yaroslav Vasylenko,42900,Pikachu,Double Dimension,,
553,Jonathan Liebig,90100,PimpmuckL,,,
554,Jure Plešej,13500,Pingvincek,Entity Gaming,,
555,Alexander Pettersson,420000,PiNoY,,,
556,Prieme Ejay Banquil,538,PlayHard,,,
557,Kim Sangho,251000,PLZDunKilme,,,
558,Wilson Koh Chin Wei,14300,Poloson,,,
559,Peter Dager,476000,ppd,OpTic Gaming,,
560,Zhao Jiabin,36400,PrettyHaw,For The Dream,,
561,Peter Bondal,218000,Primo,,,
562,Martin Hála,1190000,profheadshot,,,
563,Andrei Dunaev,187000,PSM,,,
564,Xiang Xin,878000,Puer tea,,,
565,Clement Ivanov,80100,Puppey,Team Secret,,
566,Kevin Godec,176000,Purge,,,
567,Stefan Pavlovic,108000,pwN,,,
568,Ted Forsyth,470000,PyrionFlax,,,
569,Gwon Pyeong,7840,pYung,,,
570,Fu Bin,3470000,Q,Invictus Gaming,,
571,Zhao Shungeng,28400,qd,Rock Gaming,,
572,Li Wenyao,434000,qianqian,,,
573,Kim Seon-yeop,216000,QO,,,
574,Maximilian Bröcker,23100,qojqva,Alliance,,
575,Yao Yi,1600000,QQQ,PSG.LGD,,
576,Mikhail Ilyashenko,66400,QwisTa,,,
577,David Arnous,452000,r1sk,,,
578,Nattapong Petkong,746,r5r5,,,
579,Wang Zhang,3320000,Rabbit,,,
580,Xiao Zuoyi,36000,RAI,Team MAX,,
581,Roman Kushnarev,161000,RAMZES666,Virtus.pro,,
582,Fang Xu,1030000,Ran,,,
583,Rafael Sicat Palo,13300,Rapy,,,
584,Marc Polo Luis Fausto,48500,Raven,TNC Pro Team,,
585,Nikos Kiazolis,12500,ReaLaxXx,Team RAAZ,,
586,Sun Youjia,914000,Red,,,
587,Paul Chaloner,756000,Redeye,,,
588,Oscar Ljungberg,94700,Reelo,,,
589,David Siekas,456000,Reesion,,,
590,Lee Jun-yeong,407000,Reisen,,,
591,Roman Fominok,159000,Resolut1on,VGJ.Storm,,
592,Temuulen Amarsaikhan,1950,Retribution,The Mongolz,,
593,Robert Pratt,5350000,Rime,PerilousRUIN,,
594,Andrew Bronze,3170000,Riser,,,
595,Ravindu Kodippili,2080,Ritsu,,,
596,Philipp Pausewang,62100,RMC,,,
597,Roman Paley,243000,rmN-,,,
598,Roger Tan,3260000,Roddgeee,For The Dream,,
599,Vladimir Nikogosyan,115000,RodjER,Virtus.pro,,
600,Cameron Thornton,1850000,RogerDodger,Seventh Heaven,,
601,Chen Jingwu,135000,Rong,Team MAX,,
602,Bai Fan,2810000,rOtK,VGJ.Thunder,,
603,Bai Fan,2810000,TuTu,,"Retired
",400.0
604,Ralph Richard Peñano,12400,RR,TaskUs Titans,,
605,Bektur Kulov,812,Runec,,,
606,Eric Dong,2230000,Ryoya,Immortals,,
607,Ryo Hasegawa,190000,ryOyr,TaskUs Titans,,
608,Alan Andersen,1520000,RyuUboruZ,,,
609,Ryuya Ikeda,13000,Ryuya,,,
610,Christoffer Borregaard Winther,3300,Ryze,,,
611,Gustav Magnusson,86300,s4,Evil Geniuses,,
612,Li Guo,2340000,Sag,Newbee Young,,
613,Luo Yebo,66700,Sai,,,
614,Xu Zichen,58000,Sakata,iG Vitality,,
615,Martin Sazdov,595000,Saksa,Five Dogs,,
616,Samson Solomon Enojosa Hidalgo,6770,Sam_H,TNC Pro Team,,
617,Lei Yipei,65800,SangSang,,,
618,Enkh-Od Nergui,785,SANKE,The Mongolz,,
619,Wang Zhaohui,136000,SanSheng,Newbee,,
620,Alexander Koltan,155000,Santa,,,
621,Mao Mingyuan,56100,Sayaka,,,
622,Dennis Niemczycki,58600,Scabo,,,
623,Roman Sadotenkov,159000,Scandal,,,
624,Anthony Hodgson,788000,scant,Entity Gaming,,
625,Song Chun,5340000,Sccc,Newbee,,
626,Ruby Gunawan,75500,SCL,,,
627,Elvis De la Cruz Peña,2700000,Scofield,Thunder Predator,,
628,Jonathan Lee Wen Jun,510000,SCripted,,,
629,Noppadon Paopongprapun,878,sD,Alpha Blue,,
630,Elias Merta,34700,Sealkid,,,
631,Vadim Musorin,48100,Sedoy,,,
632,Ryoo Kyung Hyun,40500,SeleCT,,,
633,Melchior Hillenkamp,12300,Seleri,,,
634,Xue Zhichuan,13600,September,Eclipse,,
635,Gao Zhenxiong,29400,Setsu,CDEC Gaming,,
636,Jhonel Jay Maguddayao,792,Seven,,,
637,Alaan Faraj,12700,SexyBamboe,Kingdra,,
638,Eugeniy Aleskeev,1020,Sh4dowehhh,FlyToMoon,,
639,Maxim Abramovskikh,128000,Shachlo,SFTe-sports,,
640,Chu Zeyu,65600,shadow,,,
641,Zhou Shengchao,44100,shaker,EHOME.Immortal,,
642,Shane Clarke,2040000,Shaneomad,,,
643,Raymond Wong Kie Yong,28900,Sharky,,,
644,Alex Chang,3090000,shatan,Natural 9,,
645,Jorien van der Heijden,16400,Sheever,,,
646,Josh Trenholm,76100,Shiibbyy,,,
647,Huang Jiwei,45100,Shiki,EHOME.Immortal,,
648,Zhang Jiabao,82800,Shining,Rock Gaming,,
649,Eric Sheeder,125000,Shredder,,,
650,Olli Vidberg,12700,Sifla,,,
651,Airat Gaziev,7360,Silent,FlyToMoon,,
652,WehSing Yuen,75500,SingSing,Cloud9,,
653,Jake Kanner,94000,SirActionSlacks,,,
654,Ioannis Theodoridis,14900,SKANKS224,,,
655,Rolen Andrei Gabriel Ong,178000,Skemberlu,TaskUs Titans,,
656,Rikard Holm Melin,12600,skrff,,,
657,Park Yongkyu,1130000,Sky,,,
658,Kharis Zafeiriou,2940,SkyLark,Clutch Gamers,,
659,Dmitry Zhukov,289000,Slander,,,
660,Stoyan Kralchev,4490,SlashStrike,,,
661,Scott Palmer,17500000,Slayer,,,
662,Trent Tucker,1080000,SLiCKz,,,
663,Bryan Freddy Machaca Siña,17900,SmAsH,,,
664,Johan Gidmark,37700,smulgullig,,,
665,Jingjun Wu,100000,Sneyking,VGJ.Storm,,
666,Trong Truong,1540000,Snoopy,,,
667,Liu Renrui,54500,Sober,Bury Love,,
668,Sebastian Kjær,118000,Solen,Team Singularity,,
669,Yousif Kutaiba,4400,Solitude,,,
670,Alexei Berezin,127000,Solo,Virtus.pro,,
671,Lu Yao,1190000,Somnus丶M,PSG.LGD,,
672,Akbar Butaev,26100,SoNNeikO,,,
673,Pedro Luiz,2910000,Sooths,,,
674,Robert Dodge,15300000,Sovereign,,,
675,Ari Raimi,36000,Spin,,,
676,Khaled El-Khabbash,29600,sQreen,,,
677,Sun Runfa,909000,Srf,Invictus Gaming,,
678,Giorgos Giannakopoulos,16800,SsaSpartan,,,
679,Huo Xiaole,13000,sss,Aurora Esports club,,
680,Munehito Takekawa,786,STABA,,,
681,Stanley Yang,1470000,Stan King,,,
682,Vladislav Galushko,43600,State21,,,
683,Staffan Solin,12600,Steffstyle,,,
684,Steven Vargas,2490000,StingeR,Infamous,,
685,Nikolay Kalchev,46500,Stomanen1,,,
686,Carl-Philip Strängby,3150,Strangby,,,
687,Li Yajun,489000,sugar baby,Winning Gaming,,
688,Syed Sumail Hassan,15200,SumaiL,Evil Geniuses,,
689,Lee Jeong-jae,468000,SunBhie,Team Secret,,
690,José Freitas Pereira,973000,Sune,,,
691,Kirill Kachinsky,69100,Sunlight,,,
692,Shannon Scotten,23500,SUNSfan,,,
693,Xie Junhao,20800,Super,LGD.Forever Young,,
694,Su Peng,2130000,super,iG Vitality,,
695,Przemek Jankowski,16700,Supreme,5FRAGS.ORG,,
696,Avery Silverman,61500,SVG,VGJ.Storm,,
697,Uroš Galić,25300,Swiftending,Elements Pro,,
698,Jeet Kundra,22400,Swifty,Signify,,
699,Byron Young Meng Keen,147000,Syeonix,Team Flash,,
700,Liu Jiajun,95600,Sylar,VGJ.Thunder,,
701,Troels Lyngholt Nielsen,7400,syndereN,,,
702,Tommy Le,41900000,Taiga,Alliance,,
703,Otávio Gabriel Cerqueira Silva,23300,Tavo,paiN Gaming,,
704,Tyler Cook,18900000,TC,,,
705,John Linuel Abanto,2730,Teehee,Geek Fam,,
706,Andrey Aleshkov,160000,The_apathy,,,
707,Maxim Fadeev,283000,TheHeartlessKing,Team Spirit,,
708,Therence Coelho Ferreira,13300,Therence,,,
709,Thiago de Oliveira Cordeiro,126000,Thiolicor,,,
710,Dimitris Plivouris,12700,ThuG,,,
711,Andrew Biessener,111000,TidesofTime,,,
712,Enzo Gianoli,26600,Timado,,,
713,Timothy John Randrup,16200,Tims,TNC Pro Team,,
714,Trai Akaravinak,26500,TnK,,,
715,Toby Dawson,583000,TobiWan,,,
716,Steve Pierce,12200000,Toffees,,,
717,Yang Jiachao,195000,Tone,Team MAX,,
718,Daniel Wong Wei Khit,17900,TooFuckingGood,,,
719,Topias Taavitsainen,9020,Topson,OG,,
720,Maxim Vernikov,128000,TpoH,,,
721,Mark Seidl,980000,Tralf,,,
722,Trent MacKenzie,408000,TrentPax,,"Active
",
723,Kalle Saarinen,39600,Trixi,,"Active
",85484.0
724,Neal Khandheria,23100,Tsunami,,"Active
",
725,Yao Wen Teo,18400,Tudi,,"Active
",6331.0
726,Michal Zima,152000,Tulex,,"Inactive
",59.0
727,Visar Zymberi,12600,twiSta,,"Inactive
",1100.0
728,Ivan Kapustin,165000,ubah,,"Inactive
",5298.0
729,Dmitry Bolshakov,124000,UnderShock,Vega Squadron,"Active
",19169.0
730,Jonathan Arge,89600,unicornxoxo,,"Inactive
",3524.0
731,Saahil Arora,21200,UNiVeRsE,Fnatic,"Active
",3000486.0
732,Chris Usher,3500000,USH,,"Active
",7960.0
733,Adrien Putallaz,16800,v0ja,,"Inactive
",
734,Vitalii Volochai,39500,v1lat,,"Active
",
735,Mikko Ristimäki,18300,Vaalix,,"Inactive
",9635.0
736,Aleksandar Miloshevich,15400,vandersar,,"Active
",
737,Juan Carlos Tito Carrizales,14800,vanN,,"ActiveValve Banned
",24085.0
738,Ivan Skorokhod,140000,VANSKOR,Double Dimension,"Active
",127141.0
739,Fedor Rusihin,1750000,velheor,Natus Vincere,"Active
",2184.0
740,Kim Tae-sung,334000,Velo,Immortals,"Active
",23508.0
741,Chen Guanhong,126000,Victoria,CDEC Gaming,"Active
",416866.0
742,Ivan Shinkarev,134000,Vigoss,,"Inactive
",4935.0
743,Aliwi Omar,46700,w33,paiN Gaming,"Active
",1223496.0
744,Niklas Högström,19200,Wagamama,LeftOneTV,"Active
",2858.0
745,Yan Chao,856000,Waixi,Sun Gaming,"Active
",1445.0
746,Martin Zima,1100000,Warlog,,"Inactive
",59.0
747,Peter Nguyễn,442000,Waytosexy,,"Active
",31958.0
748,Wong Wei Quan,120000,weddingcrash,,"Inactive
",500.0
749,Oleg Zinovenko,68300,wejustzik,,"Active
",7018.0
750,Neng Ee Wooi,5570,Wenn,LYG Gaming,"Active
",15651.0
751,Johan Westberg,60800,Weppas,,"Active
",
752,Bryant Lehwald,44200,whiteBeard,,"Active
",25751.0
753,Yevgeny Vlasenko,63700,Windx,,"Active
",2010.0
754,Chan Litt Binn,12300,WinteR,,"Active
",12140.0
755,Will Davis,119000,WwD,,"Active
",40.0
756,Felix Schipke,55600,wwieWambo,,"Active
",978.0
757,Evgeny Kochetov,79500,XaKoH,,"Active
",3454.0
758,Alexander Dashkevich,158000,XBOCT,Natus Vincere,"Active
",651637.0
759,Liu Silong,57200,XDD,,"Inactive
",3724.0
760,Kenny Deo,104000,Xepher,TNC Tiger,"Active
",5384.0
761,Nicholas Kelvin Ileto Lim,79800,xFreedom,New Beginning,"Active
",13884.0
762,Luo Yinqi,68100,Xi,,"Active
",296278.0
763,Chiok Soon Siang,12000,xiangzai,,"InactiveValve Banned
",2744.0
764,Meng Lei,472000,Xiao2lei,Newbee Young,"Active
",38738.0
765,Zhang Ning,881000,xiao8,Big God,"Active
",1818011.0
766,Zhuang Yongfu,12800,xiaofu,Keen Gaming.Luminous,"Active
",5242.0
767,Ma Junju,686000,XiaoXiao,Newbee Young,"Active
",4030.0
768,Zhao Zixing,31200,XinQ,Team Serenity,"Active
",27736.0
769,Mark Louise Reyes,172000,xLucky,,"Inactive
",6828.0
770,Justin Yuen,292000,xMusiCa,,"Active
",12962.0
771,Yap Jian Wei,23000,xNova,PSG.LGD,"Active
",261964.0
772,Augustus John Casanada,14100,xRag,,"Active
",8012.0
773,Joel Chan Zhan Leong,13000,XtiNcT,Team Flash,"Active
",91797.0
774,Xu Xuntao,53000,Xtt,CAVALRY,"Active
",6828.0
775,Guo Yixuan,35800,xuan,,,
776,Lin Jing,1530000,Xxs,Invictus Gaming,"Active
",408163.0
777,Xiao Chaojian,34800,XXSJ,Team Serenity,"Active
",1714.0
778,Toh Wai Hong,23800,xy-,,"Active
",97090.0
779,Treephob Tiangtrong,833,Xyclopz,,"Active
",
780,Chen Zezhi,125000,Xz,,"Active
",693250.0
781,Zhang Yiping,105000,y`,EHOME,"Active
",1967009.0
782,Yusuf Kurniawan,80200,Yabyoo,Rex Regum Qeon,"Active
",5284.0
783,Jayjay Garan,13100,yAj,DeToNator,"Active
",6200.0
784,Ng Wei Poong,16800,YamateH,New Beginning,"Active
",39111.0
785,Zhou Haiyang,67300,Yang,VGJ.Thunder,"Active
",207633.0
786,Yao Zhengzheng,33400,Yao,LGD.Forever Young,"Active
",1191747.0
787,Bu Yanjun,143000,YaphetS,,"Inactive
",3000.0
788,Yazied Jaradat,3900,YapzOr,Team Secret,"Active
",383363.0
789,Yawar Hassan,48200,YawaR,VGJ.Storm,"Active
",73893.0
790,Pan Shuaifang,165000,yChen,,"Active
",5344.0
791,Fan Qihua,1110000,Yin,C5Gaming,"Active
",1759.0
792,Maxim Kim,2470000,yoky-,Team Empire,"Active
",118493.0
793,Vladimir Basov,165000,yol,Clutch Gamers,"Active
",54088.0
794,Liu Xiangkun,57800,yoona,Keen Gaming,"Active
",22030.0
795,Chen Mingyang,142000,YRG,Team Waooo,"Active
",10541.0
796,Adrian Rui Wui Hong,229000,Ysaera,,"Inactive
",180.0
797,Hu Zhiyi,128000,yxb,Rampage Gaming,"Active
",2000.0
798,Yang Xiaolei,232000,yxl,,,
799,Jiang Cen,95500,YYF,Old Boys,,
800,Tui Jun Jie,25900,Zacky,,,
801,Ludwig Wåhlberg,57000,zai,OpTic Gaming,,
802,Bakyt Emilzhanov,5940,Zayac,Vega Squadron,,
803,Tilen Simcic,3130,Zenigata,,,
804,Filip Erlandsson,71400,Zeroji,,,
805,Feng Yichuan,40300,ZeroPerfect,Source Code,,
806,Zakari Freedman,12300,Zfreek,compLexity Gaming,,
807,Jin Zhiyi,112000,zhizhizhi,Team Serenity,,
808,Chen Yao,1490000,Zhou,Old Boys,,
809,Zhou Xiong,472000,ZippO,Old Boys,,
810,Andrei Zisu,176000,Zizou,,,
811,Gong Jian,866000,ZSMJ,,,
812,Jesus Carhuaricra,131000,Ztok,,,
813,Vitalii Kiyanichenko,37300,zxc,,,
814,Andrew Campbell,28200000,Zyori,,,
815,Luis Perez,18000000,Zyzz,,,
816,Evgeniy Kuznetsov,308000,Женя,,,
817,Lu Kang,1310000,冷鸟,PiPiXia,,
818,Lu Hao,1470000,垃圾君,Rock.Y,,
819,Jiang An,26700,天命,Keen Gaming,,
820,Zhan Yaoyang,22400,小郭嘉,Aurora Esports club,,
821,Wang Xu,2440000,老A,Keen Gaming.Luminous,,
822,Zhai Jingkai,12200,荧,Keen Gaming,,
823,Wang Liang,1940000,闷油瓶,Echo Gaming,,
